STATION CODE,LOCATIONS,STATE,TEMP,DO,pH,CONDUCTIVITY,BOD,NITRATE_N_NITRITE_N,FECAL_COLIFORM,TOTAL_COLIFORM
1312,"GODAVARI AT JAYAKWADI DAM, AURNAGABAD,MAHARASHTRA",MAHARASHTRA,29.2,6.4,8.1,735,3.4,2,3,73
2177,GODAVARI RIVER NEAR SOMESHWAR TEMPLE.,MAHARASHTRA,24.5,6,8,270,3.1,2,72,182
2182,GODAVARI RIVER AT SAIKHEDA.,MAHARASHTRA,25.8,5.5,7.8,355,4.2,9,59,133
2179,"GODAVARI RIVER AT HANUMAN GHAT, NASHIK CITY.",MAHARASHTRA,24.8,5.5,7.8,371,5.6,3.55,90,283
2183,GODAVARI RIVER AT NANDUR- MADMESHWAR DAM.,MAHARASHTRA,25.7,5.7,7.9,294,3.2,2.69,45,132
2181,"GODAVARI RIVER AT KAPILA- GODAVARI CONFLUENCE POINT, TAPOVAN.",MAHARASHTRA,25,4.5,7.5,513,12.6,2.3,131,320
2180,GODAVARI RIVER NEAR TAPOVAN.,MAHARASHTRA,24.8,5.2,7.7,475,10.3,1.9,122,343
1096,"GODAVARI AT PANCHAVATI AT RAMKUND,MAHARASHTRA",MAHARASHTRA,26.3,5.6,7.7,385,3.8,1,110,292
1211,"GODAVARI AT NASIK D/S, MAHARASHTRA",MAHARASHTRA,26.5,5.2,7.8,410,5.2,1.5,77,218
1095,"GODAVARI AT U/S OF GANGAPUR DAM,NASIK,MAHARASHTRA",MAHARASHTRA,26,6.5,7.8,178,2.5,1.99,22,74
2160,"GODAVARI RIVER AT U/S OF AURANGABAD RESERVOIR, KAIGAON TOKKA NEAR KAIGAON BRIDGE.",MAHARASHTRA,29.2,6.2,7.9,749,3.5,1.75,2,80
2158,GODAVARI RIVER AT U/S OF PAITHAN AT PAITHAN INTAKE PUMP HOUSE AT JAYAKWADI ,MAHARASHTRA,29.5,6.4,8,834,4.7,1.8,2,77
2159,GODAVARI RIVER AT D/S OF PAITHAN AT PATHEGAON BRIDGE.,MAHARASHTRA,30.2,6.2,8,925,4.2,6.9,2,82
2161,"GODAVARI RIVER AT JALNA INTAKE WATER PUMP HOUSE, SHAHABAD.",MAHARASHTRA,26.7,6.5,8,730,4,2.9,2,78
12,"GODAVARI AT DHALEGAON, MAHARASHTRA",MAHARASHTRA,27.2,7,7.9,637,4.7,6.5,2,80
1209,"GODAVARI AT RAHER, MAHARASHTRA",MAHARASHTRA,29.7,6.4,8,656,3.6,1.8,3,82
2157,GODAVARI RIVER AT LATUR WATER INTAKE NEAR PUMP HOUSE AT DHAMEGAON.,MAHARASHTRA,26,6.6,8.1,601,3.2,6.75,2,80
2360,"GODAVARI AT BASARA, ADILABAD",ANDHRA PRADESH,28,5.5,8.1,826,1.7,1,27,161
2361,"GODAVARI  AT MANCHERIAL, NEAR RLY BDG B/C OF RALLAVAGU",ANDHRA PRADESH,31,6.9,9,526,12,0,130,285
2362,"GODAVARI AT RAMAGUNDAM D/S, NEAR FCI INTAKE WELL, KARIMNAGAR",ANDHRA PRADESH,30,5.7,8.5,575,13,0,240,700
2363,"GODAVARI AT GODAVARIKHANI, NEAR BATHING GHAT, KARIMNAGAR",ANDHRA PRADESH,30.5,3.2,8.8,803,15,0,500,1250
2364,"GODAVARI AT RAMAGUNDAM U/S , KARIMNAGAR",ANDHRA PRADESH,30.5,6.7,9,531,12.5,0,130,425
2356,"GODAVARI,  D/S OF RAMANUGUNDAM,",ANDHRA PRADESH,29,4.4,8.5,656,13,0,300,500
2365,"GODAVARI AT KAMALPUR U/S M/S AP RAYONS LTD. INTAKE WELL, WARANGAL",ANDHRA PRADESH,30,6.1,8.4,418,6.5,0,300,500
2366,"GODAVARI AT KAMALPUR D/S AT M/S. AP RAYONS LTD. DISCHARGE POINT, WARANGAL",ANDHRA PRADESH,29.5,6.6,8.2,421,4,0,280,700
13,"GODAVARI AT MANCHERIAL, A.P.",ANDHRA PRADESH,29.5,4.1,9.1,518,16.5,0,240,900
2367,"GODAVARI AT BHADRACHALAM U/S BATHING GHAT, KHAMMAM",ANDHRA PRADESH,20,6,8.1,443,0.3,1,2,640
2368,"GODAVARI AT BHADRACHALAM D/S BATHING GHAT, KHAMMAM",ANDHRA PRADESH,20.2,5.6,8,462,0.8,1,3,5280
2369,"GODAVARI AT BURGAMPAHAD, KHAMMAM",ANDHRA PRADESH,19.8,6.1,7.9,666,1.8,0.84,2,1160
2370,GODAVARI AT RAJAMUNDRY U/S OF NALLA CHANNEL,ANDHRA PRADESH,26.6,5.8,6.9,290,1.2,2.4,48,628
14,"GODAVARI AT POLAVARAM, A.P.",ANDHRA PRADESH,27,6.2,7.7,380,1.2,1.56,NA,170
1218,"GODAVARI AT RAJAHMUNDRY U/S, A.P.",ANDHRA PRADESH,26.6,6.1,7.4,480,1.3,1.98,3,432
2371,GODAVARI AT RAJAMUNDRY D/S OF NALLA CHANNEL,ANDHRA PRADESH,26.8,5.9,7,315,1.2,1.29,23,1100
1484,"ALKANANDA B/C MANDAKINI AT RUDRA PRAYAG, UTTAR PRADESH",UTTARAKHAND,17.5,8.5,8.1,NA,0.7,0,NA,NA
1485,"MANDAKINI B/C ALKALNADA AT RUDRAPRAYAG, UTTAR PRADESH",UTTARAKHAND,16.3,8.8,8.1,NA,0.7,0,NA,NA
1486,"ALKANANDA A/C MANDAKINI AT RUDRAPRAYAG, UTTAR PRADESH",UTTARAKHAND,16.7,8.1,8,NA,1,0,NA,NA
1487,"ALKANANDA B/C TO BHAGIRATHI AT DEVPRAYAG, UTTAR PRADESH",UTTARAKHAND,17.3,8.4,8.1,NA,1,0,NA,NA
1488,"BHAGIRATHI B/C WITH ALAKNANDA AT DEVPRAYAG, U.P",UTTARAKHAND,17,8.7,8.1,NA,0.9,0,NA,NA
1489,"ALKANANDA A/C WITH BHAGIRATHI AT DEVPRAYAG, UTTAR PRADESH",UTTARAKHAND,17,8.2,8,NA,1.1,0,NA,NA
1060,"GANGA AT RISHIKESH U/S, U.P",UTTARAKHAND,17.2,8.7,7.7,NA,1.1,0,NA,22
2725,GANGA RIVER AFTER CONFLUENCE OF RIVER SONG NEAR SATYANARAYAN TEMPLE D/S RAIWALA,UTTARAKHAND,21,6.9,7.8,NA,5.2,0,NA,908
1061,"GANGA AT HARIDWAR D/S, U.P",UTTARAKHAND,24.4,5.4,7.5,NA,5.3,0,NA,1600
2727,UPPER GANGA RIVER D/S ROORKEE,UTTARAKHAND,18.7,7.7,7.7,NA,2.1,0,NA,177
1062,"GANGA AT GARHMUKTESHWAR, U.P",UTTAR PRADESH,23,9,7.4,242,2.5,0.4,664,1268
2488,"GANGA U/S, ANOOPSHAHAR",UTTAR PRADESH,23,8,7.4,310,2.7,0.1,4000,630
2489,"GANGA D/S, ANOOPSHAHAR",UTTAR PRADESH,22,8.2,7.5,293,2.6,0.1,370,610
1145,"GANGA AT NARORA (BULANDSAHAR), U.P.",UTTAR PRADESH,23,7.8,7.4,320,3.1,0.1,410,630
2490,"GANGA AT KACHHLA GHAT, ALIGARH",UTTAR PRADESH,23,7.3,7.5,277,1.4,0,400,610
1063,"GANGA AT KANNAUJ U/S (RAJGHAT), U.P",UTTAR PRADESH,26.9,7.9,7.9,288,2.9,0.2,2200,4467
1066,"GANGA AT KANNAUJ D/S, U.P",UTTAR PRADESH,26.9,7.3,7.9,276,3.2,0.3,2978,5078
1146,"GANGA AT BITHOOR (KANPUR), U.P.",UTTAR PRADESH,27,7.9,8.2,290,3,0.2,2333,4256
1067,"GANGA AT KANPUR U/S (RANIGHAT), U.P",UTTAR PRADESH,27,7.5,8.2,307,3.4,0.2,2600,4856
1068,"GANGA AT KANPUR D/S (JAJMAU PUMPING STATION), U.P",UTTAR PRADESH,27,6.3,7.7,430,5.5,0.3,15889,54333
1147,"GANGA AT DALMAU (RAI BAREILLY), U.P.",UTTAR PRADESH,22.1,8,7.8,213,3.7,0.8,5517,8250
2498,"GANGA AT KALA KANKAR, RAEBARELI",UTTAR PRADESH,22.1,8.2,7.8,209,3.6,0.8,5158,7967
1046,"GANGA AT ALLAHABAD (RASOOLABAD), U.P.",UTTAR PRADESH,24.4,8.7,8.3,385,3.6,1.7,17283,29500
2487,"GANGA AT KADAGHAT, ALLAHABAD",UTTAR PRADESH,24.5,8.4,8.3,382,3.9,1.8,18333,31833
1049,"GANGA AT ALLAHABAD D/S (SANGAM), U.P.",UTTAR PRADESH,24.4,8.5,8.3,404,4.2,2,19500,32417
2485,"GANGA U/S, VINDHYACHAL, MIRZAPUR",UTTAR PRADESH,22.4,8.4,7.7,290,2.5,0.4,1567,3078
2486,"GANGA D/S, MIRZAPUR",UTTAR PRADESH,23.8,8.4,7.6,299,2.6,0.5,2146,6518
1070,"GANGA AT VARANASI U/S (ASSIGHAT), U.P",UTTAR PRADESH,22.5,8.3,8.2,338,2.9,0,2617,3950
1071,"GANGA AT VARANASI D/S (MALVIYA BRIDGE), U.P",UTTAR PRADESH,22.5,7.8,8.5,385,4.5,0,31167,47333
1073,"GANGA AT TRIGHAT (GHAZIPUR), U.P",UTTAR PRADESH,22.7,7.7,8.5,369,3.9,0,17500,25667
2502,"SHUKRA TAL, MUZAFFARNAGAR, NEAR GANGA RIVER",UTTAR PRADESH,17,8.6,8,290,1.8,0,70,125
1074,"GANGA AT BUXAR,BIHAR",BIHAR,24.5,8.4,8.1,371,2.5,0,1190,3100
2551,"GANGA AT BUXAR, RAMREKHAGHAT",BIHAR,24.9,8.1,8.1,376,2.7,0,3183,9350
1077,"GANGA AT KHURJI, PATNA U/S, BIHAR",BIHAR,24.5,8.1,8.1,376,2.3,0,1600,3436
2556,"GANGA AT INDRAPURI, DEHRI ON SONE",BIHAR,22.3,8.2,8.1,270,2.2,0,660,2033
2564,"GANGA  AT THE CONFLUENCE OF SONE RIVER DORIGANJ, CHAPRA",BIHAR,23.8,8.3,8.2,311,2.5,0,1483,3967
2552,GANGA DARBHANGA GHAT AT PATNA,BIHAR,24.7,7.8,7.9,402,2.8,0,6527,19091
1079,"GANGA AT PATNA D/S (GANGA BRIDGE),BIHAR",BIHAR,24.9,7.9,8,402,2.7,0,3782,11564
2555,"GANGA AT PUNPUN, PATNA",BIHAR,24.7,7.3,7.7,452,2.5,0,1382,4573
2553,GANGA AT FATUHA,BIHAR,24.4,8.1,8,386,2.3,0,1846,4982
1817,GANGA AT MOKAMA (U/S),BIHAR,24.1,7.8,7.9,277,2.3,0,1251,2770
1815,GANGA AT MOKAMA (D/S),BIHAR,24,7.7,7.8,295,2.6,0,2792,9430
1818,GANGA AT MUNGER,BIHAR,23.9,7.6,7.8,268,2.4,0,1622,4411
2554,"GANGA AT SULTANGANJ, BHAGALPUR",BIHAR,24,7.7,7.8,280,2.5,0,1560,3722
1819,GANGA AT BHAGALPUR,BIHAR,24.4,7.7,7.8,276,2.6,0,2933,9044
1816,GANGA AT KAHALGAON,BIHAR,23.4,7.8,7.9,265,2.7,0,2678,8511
3113,GANGA AT D/S BUXAR NEAR GANGA BRIDGE,BIHAR,24.5,8.2,8.1,352,2.5,0,1705,4683
3114,GANGA RIVER NEAR DANAPUR (NEAR PIPAPUL),BIHAR,24.1,8.1,8.1,375,2.4,0,1198,2855
3115,GANGA RIVER AT BARH,BIHAR,23.4,7.8,7.9,260,2.2,0,1106,2529
3116,GANGA AT U/S MUNGER (NEAR INTAKE WELL ON GANGA),BIHAR,23.8,7.8,7.9,267,2.3,0,998,2478
3117,GANGA AT U/S SULTANGANJ,BIHAR,23.9,7.8,7.9,270,2.3,0,1220,2844
3118,GANGA AT U/S BHAGALPUR,BIHAR,23.9,7.7,7.9,262,2.4,0,1290,3020
3122,"GANGA AT MALSALAMI, PATNA",BIHAR,24.5,8,8,377,2.4,0,1846,5073
3123,GANGA RIVER AT BARAHIA,BIHAR,22.5,7.7,7.9,292,2.3,0,1048,2833
1080,GANGA AT BAHARAMPORE WEST BENGAL,WEST BENGAL,26.5,7.4,7.9,304,4.2,0.8,166358,287833
2511,"NABADIP ON GANGA,GHOSHPARA NEAR MONIPURGHAT",WEST BENGAL,27.4,7.4,7.9,353,3.3,0.7,143275,474917
2506,"TRIBENI ON GANGA, NEAR BURNING GHAT",WEST BENGAL,28.3,6.9,8,312,2.8,0.8,34392,61283
1054,"GANGA AT PALTA, WEST BENGAL",WEST BENGAL,27,6.7,7.8,315,3.4,0.9,106417,171417
1472,"GANGA AT SERAMPORE, WEST BENGAL",WEST BENGAL,27.3,6,7.9,323,3.1,0.7,153917,335000
1053,"GANGA AT DAKSHMINESWAR, WEST BENGAL",WEST BENGAL,26.5,6.7,8,319,4.2,0.7,285833,586250
1471,"GANGA AT HOWRAH-SHIVPUR, WEST BENGAL",WEST BENGAL,26.5,6.3,8,314,3.6,0.7,122417,286083
1470,"GANGA AT GARDEN REACH, WEST BENGAL",WEST BENGAL,26.4,6.1,8.1,322,3.2,0.7,310417,542917
1052,"GANGA AT ULUBERIA, WEST BENGAL",WEST BENGAL,27.1,6.3,8.1,368,3.4,0.6,31417,78083
1469,"GANGA AT DIAMOND HARBOUR, WEST BENGAL",WEST BENGAL,26.4,6.9,8,1900,3.7,0.8,41750,88917
1260,"BRAHAMPUTRA AT KHERGHAT (AFTER CONFL. WITH DIBANG & DIHANG),ASSAM",ASSAM,22.3,7.2,7.1,216,1.5,1.4,146,5525
1030,"BRAHAMPUTRA AT DIBRUGARH, ASSAM",ASSAM,21.8,7.7,7.2,256,1.4,1.5,2128,45100
1262,"BRAHAMPUTRA AT NIMATIGHAT, ASSAM",ASSAM,25.1,6.9,7,273,1.5,2.5,585,26322
1526,"BRAHMPUTRA RIVER AT DHENUKHAPAHAR, ASSAM",ASSAM,24.3,7.5,7,298,1.3,1.7,12418,93005
1031,"BRAHAMPUTRA AT PANDU, ASSAM",ASSAM,25.4,7.9,7.2,236,1.4,2.3,5449,134042
1299,"BRAHAMPUTRA AT JOGIJHOGA NEAR BRIDGE, ASSAM",ASSAM,27.7,6,7.3,295,1.1,1.9,444,8382
2069,"BRAHMPUTRA RIVER NEAR WATER INTAKE POINT AT KACHARIGHAT, PANBAZAR, GUWAHATI, ASSAM",ASSAM,27,8.1,7.6,210,0.9,1.2,3388,123400
2064,"BRAHMAPUTRA RIVER AT CHANDRAPUR, GUWAHATI",ASSAM,25.8,7.3,7.1,168,1.6,0.4,1653,61303
2067,"BRAHMPUTRA RIVER AT SUALKUCHI, DIST. KAMRUP, ASSAM",ASSAM,27.3,7.1,7.2,289,1.6,1.4,1208,8725
2066,BRAHMAPUTRA RIVER AT DHUBRI,ASSAM,28.2,5.1,7,253,1.5,1.4,2990,180228
1194,"KRISHNA AT MAHABALESHWAR DHOM DAM NEAR KOINA DAM,MAHARASHTRA",MAHARASHTRA,23.1,6.8,8.1,160,3.1,2.9,15,387
1153,"KRISHNA AT RAJAPUR WEIR, MAHARASHTRA",MAHARASHTRA,24.1,6.8,7.4,449,2.9,1.7,NA,80
36,"KRISHNA AT KRISHNA BRIDGE, KARAD, MAHARASHTRA",MAHARASHTRA,23.8,6,8.2,262,5.1,1.8,149,1357
1906,KRISHNA D/S OF ISLAMPUR,MAHARASHTRA,25,6.7,7.6,441,2.9,1.5,2,80
37,"KRISHNA AT SANGLI, MAHARASHTRA",MAHARASHTRA,23.7,7,7.5,711,3,1.4,NA,90
1310,"KRISHNA AT KURUNDWAD IN KOLHAPUR,MAHARASHTRA",MAHARASHTRA,24,7,7.5,400,2.8,1.2,4,110
2187,KRISHNA RIVER AT KSHETRA MAHULI.,MAHARASHTRA,20.8,6.1,8.4,551,5.6,2.3,183,1377
2188,KRISHNA RIVER AT KRISHNA-VENNA SANGAM AT MAHULI.,MAHARASHTRA,22,6.2,8.3,458,4.6,2.3,191,1481
2190,KRISHNA RIVER AT WAI.,MAHARASHTRA,22.7,6.1,8.2,413,5.5,1.8,171,1257
1182,"KRISHNA AT U/S OF UGARKHURD BARRAGE,KARNATAKA",KARNATAKA,29,7.5,8,685,2.1,2.3,780,1390
1889,KRISHNA - ANKALI BRIDGE ALONG CHIKKODI KAGWAD ROAD,KARNATAKA,28,7.5,8,808,1.8,2.1,890,1460
1181,"KRISHNA AT D/S OF NARAYANPURA DAM,KARNATAKA",KARNATAKA,29.3,5.9,8.3,521,1.5,0.4,518,1110
1170,"KRISHNA AT D/S OF DEVASAGAR BDG.,KARNATAKA",KARNATAKA,29.4,7.2,8.3,916,1.9,0.2,792,1483
1028,"KRISHNA AT TINTINI BRIDGE, KARNATAKA",KARNATAKA,29.5,7.1,8.2,718,1.9,0.2,538,1100
2781,"KRISHNA AT D/S OF ALAMATTI DAM, KARNATAKA",KARNATAKA,29.2,6.2,8.3,513,1.4,0.5,678,1250
1784,"THANGADI , MAHABOOBNAGAR DIST., A.P",ANDHRA PRADESH,17.6,5.3,8.1,874,10.5,0,NA,NA
1175,"KRISHNA AFTER CONFL. WITH TUNGABHADRA, SANGAMESHWARAM A.P.",ANDHRA PRADESH,26,6.7,8.1,791,2.6,2,28,611
39,"KRISHNA AT GADWAL BRIDGE, A.P.",ANDHRA PRADESH,17.2,5.6,8.1,870,9.5,0,NA,NA
1465,"KRISHNA AT WADAPALLY AFTER CONFL. WITH R. MUSI, A.P.(SHIFTED FROM 1220)",ANDHRA PRADESH,28.4,5.7,8.7,1072,1.6,1.2,11,122
1786,"VEDADRI , GUNTUR DIST., A.P",ANDHRA PRADESH,24.9,6.8,7.9,726,0.9,0.6,2,1875
1787,"AMARAVATI , GUNTUR DIST., A.P",ANDHRA PRADESH,27.6,7,7.8,669,0.6,0.4,2,1613
25,"KRISHNA AT VIJAYWADA, A.P.",ANDHRA PRADESH,25.8,7.2,8,669,0.7,0.7,2,1750
3083,"KRISHNA D/S OF SRISHAILAM,  KURNOOL, A.P.",ANDHRA PRADESH,28.4,6.8,8.2,818,2.9,2,36,860
1782,"HAMSALA DEEVI , GUNTUR DIST, A.P",ANDHRA PRADESH,26,5.5,7.6,14804,0.7,0.7,2,1450
1494,"YAMUNA AT U/S OF LAKHWAR DAM, U.P",UTTARAKHAND,19.7,6.5,8.2,NA,1.1,0,7900,35000
1490,"YAMUNA AT U/S DAK PATTHAR, UTTAR PARDESH",UTTARAKHAND,18.7,7.7,8.2,NA,1.3,0,1100,6509
1553,"YAMUNA , U/S PAONTA SAHIB, H.P",HIMACHAL PRADESH,22.3,7.7,7.5,465,1.2,0.2,9,19
1554,"YAMUNA , D/S PAONTA SAHIB, H.P",HIMACHAL PRADESH,23.7,7.5,7.8,331,1.5,0.2,11,21
1120,"YAMUNA AT WAZIRABAD, DELHI, CPCB",DELHI,NA,9.3,7.6,NA,2.4,NA,NA,10003
1121,"YAMUNA AT NIZAMUDDIN, DELHI",DELHI,NA,1.2,7.5,NA,17.2,9,NA,12010833
1375,"YAMUNA AT OKHLA BRIDGE (INLET OF AGRA CANAL), DELHI",DELHI,NA,1.4,7.6,NA,17.3,9.2,NA,23816667
2495,"YAMUNA AT KESIGHAT, VRINDAVAN",UTTAR PRADESH,25,4,7.7,196,8.3,0,43546,73727
2494,"YAMUNA AT VISHRAMGHAT, MATHURA",UTTAR PRADESH,25,3.7,7.5,273,9.2,0,53546,117273
2493,YAMUNA AT SHAHPUR,UTTAR PRADESH,25.3,4.5,7.5,281,7,0,34818,65000
1069,"YAMUNA AT ALLAHABAD D/S (BALUA GHAT), U.P",UTTAR PRADESH,24.8,8.1,8.2,522,2.4,1.8,2875,5975
1812,"YAMUNA AT OKHLA AFTER MEETING OF SHAHDARA DRAIN, DELHI",DELHI,NA,1.4,7.5,NA,38.2,NA,NA,18580000
1893,YAGACHI RIVER NEAR PUMPING STATION. HASSAN CITY,KARNATAKA,27.4,5.4,7.7,394,1,0.1,913,3600
1199,HEMAVATI AT D/S OF HOLENARASIPURA TOWN AT RAMADEVALA WEIR,KARNATAKA,27.7,5.8,7.7,298,1,0.1,1073,3533
1200,"SHIMSHA AT D/S OF HIGHWAY BRIDGE, YEDIYAR, KARNATAKA",KARNATAKA,28.7,7.1,7.9,416,3,1.3,NA,1600
1166,"SHIMSHA AT D/S OF BRIDGE, HALAGUR, KARNATAKA",KARNATAKA,26.7,6.3,8.2,573,2.9,0.6,716,2950
1165,"ARKAVATHI AT D/S OF KANAKAPURA TOWN, KARNATAKA",KARNATAKA,27,6.9,7.3,1560,7.3,9.1,56,788
2778,"ARKAVATHI AT T.G. HALLI RESERVOIR, , KARNATAKA",KARNATAKA,29.4,6.6,7.7,1049,4.3,1.3,46,1012
1196,"LAKSHMANTIRTHA  AT D/S OF HUNSUR TOWN, KARNATAKA",KARNATAKA,26.1,4.4,7.8,467,3.8,0.5,1099,4550
2772,"LAKSHMANTIRTHA  AT D/S OF KATTEMALAVADI, KARNATAKA",KARNATAKA,26.2,5.7,7.9,370,2.2,0.4,430,1744
1207,"KABBANI AT MUTHANKARA, KERALA",KERALA,26.9,6.7,7.7,78,0.4,0.8,58,96
1197,"KABBANI AT SARAGUR VILLAGE D/S, KARNATAKA",KARNATAKA,25.3,7.2,7.5,219,1.1,0.3,353,1478
41,"KABBANI AT CAUSE WAY  SATTUR, KARNATAKA",KARNATAKA,25.8,7.2,7.9,299,1.4,0.3,310,1357
1445,"KABBANI AT WATER INTAKE OF KIADB AT NANJANGUD,KARNATAKA",KARNATAKA,25.7,7.2,7.9,266,1.3,0.3,308,1345
2775,"KABINI AT BATHING GHAT, NANJANAGUD, KARNATAKA",KARNATAKA,25.7,5.5,7.7,282,2.3,0.3,647,2717
1208,"BHAVANI AT ELACHIVAZHY, KERALA",KERALA,24.7,7.4,7.7,138,0.7,0.2,197,408
1201,"BHAVANI AT PATHIRAKALIAMMAN KOIL, TAMILNADU",TAMILNADU,24.4,8.1,7.7,108,0.7,0.3,11667,37848
1204,"BHAVANI AT SIRUMUGAI,TAMILNADU",TAMILNADU,24.6,7.5,7.7,207,1.1,0.3,6613,20942
1321,"BHAVANI AT BHAVANI SAGAR, TAMILNADU",TAMILNADU,26.8,7.2,7.9,161,1.9,0.2,15109,32509
1205,"BHAVANI AT BHAVANI, TAMILNADU",TAMILNADU,27.3,6.3,8.1,555,1.5,0.4,15578,35738
3019,"BHAVANI AT D/S OF BHAVANISAGAR, SATHYAMANGALAM, ERODE, TAMILNADU",TAMILNADU,27.4,7.2,7.9,304,1.8,0.3,18158,42583
3020,"U/S OF KALINGARAYAN CANAL (B5), ERODE, TAMILNADU",TAMILNADU,26.8,5.9,8.1,442,0.9,0.2,12432,24552
3021,"D/S OF KALINGARAYAN CANAL (B10), ERODE, TAMILNADU",TAMILNADU,27.2,6.4,8.1,481,0.9,0.2,22473,44153
1510,"TONS RIVER, H.P",HIMACHAL PRADESH,13.2,8.9,7.1,133,0.3,0.3,5,9
2620,ASHWANI AT U/S YASHWANT NAGAR,HIMACHAL PRADESH,17.2,7.9,7.5,295,0.6,1.5,6,22
2626,BATTA AT U/S PAONTA,HIMACHAL PRADESH,23.3,7.7,7.7,302,1.1,0.3,11,20
2627,BATTA BEFORE CONFLUENCE TO YAMUNA,HIMACHAL PRADESH,23.9,7.5,7.7,348,1.4,0.3,9,20
2621,GIRI AT D/S YASHWANT NAGAR,HIMACHAL PRADESH,17.4,7.9,7.3,242,0.7,1.5,5,17
2622,GIRI AT U/S CCI MINES,HIMACHAL PRADESH,21.9,8.1,7.6,508,1.1,0.4,8,17
2623,GIRI D/S SATAUN,HIMACHAL PRADESH,22.8,7.9,7.6,467,1.4,0.3,8,17
2617,PABBAR AT U/S DHAMBARI,HIMACHAL PRADESH,10.5,9.3,6.9,82,0.2,0.3,4,8
2618,PABBAR AT U/S ROHRU,HIMACHAL PRADESH,11.2,9.3,6.9,86,0.3,0.4,2,8
2619,PABBAR AT D/S SWARAKUDDU,HIMACHAL PRADESH,12.6,9,7,163,0.3,0.3,3,9
2496,"HINDON AT SARDHANA BUDHANA ROAD, VILLAGE BAPARSI, MEERUT",UTTAR PRADESH,23.6,NA,7.5,706,49.1,6.8,81125,140500
1358,"HINDON AT GHAZIABAD D/S, U.P.",UTTAR PRADESH,24.3,1.1,7.4,1499,75.6,0.6,174167,250000
1357,"HINDON AT SAHARANPUR D/S, U.P.",UTTAR PRADESH,20.1,0.8,7.4,586,24,0,5692,8150
1143,"TONS AT CHAKGHAT, M.P.",MADHYA PRADESH,26.8,6.4,7.6,576,2.8,2,20,211
2107,"BETWA U/S, BEENA",MADHYA PRADESH,25.9,7.5,7.8,361,0.6,0,NA,2
2108,"BETWA D/S, BEENA",MADHYA PRADESH,26.9,7.4,8.3,371,0.7,0,NA,3
1735,"BETWA AT GOVIND SAGAR, U.P",UTTAR PRADESH,27.5,6.7,8.5,218,3,0,3150,13310
1356,"BETWA BEFORE CONF. YAMUNA AT HAMIRPUR, U.P.",UTTAR PRADESH,24,7.1,8.1,386,3.2,0,3580,15300
1365,CHAMBAL AT NAGDA U/S (WATER INTAKE POINT) M.P.,MADHYA PRADESH,26.2,7.3,7.9,515,NA,1,NA,262
1366,"CHAMBAL AT NAGDA D/S, M.P.",MADHYA PRADESH,26.7,1.5,8.2,6485,NA,5.4,NA,1600
2955,"CHAMBAL ENTERING IN RAJASTHAN AT GANDHI SAGAR DAM, KOTA, RAJASTHAN",RAJASTHAN,26.2,5.6,7.8,317,0.8,0.6,4,5
1418,"CHAMBAL AT GANDHI SAGAR DAM, RAMPURA, MP",MADHYA PRADESH,27,7.2,7.9,338,1.9,1.2,NA,236
1288,"CHAMBAL AT KOTA U/S (INTAKE PT. NEAR BARRAGE), RAJASTHAN",RAJASTHAN,27.8,6,7.9,301,0.8,0.4,4,5
1289,"CHAMBAL AT KOTA D/S (2 KM. FROM CITY),RAJASTHAN",RAJASTHAN,26.6,5.9,8.4,546,2,0.6,13,642
1413,"CHAMBAL AT RAMESHWARGHAT NR. SAWAIMADHOPUR, RAJASTHAN",RAJASTHAN,24.7,5.3,8.2,608,1.3,0.7,4,14
1609,"CHAMBAL AT DHOLPUR, M.P",MADHYA PRADESH,24.6,8.2,7.5,696,2,0.9,NA,NA
1432,"PARVATI NEAR VILLAGE BATAODAPAR, M.P.",MADHYA PRADESH,25.5,7.2,7.5,599,2.1,0,NA,NA
2126,"PARVATI A/C OF VINDHYACHAL NALLA, PILUKHEDI",MADHYA PRADESH,26.3,6.7,7.5,608,2.1,0,NA,NA
2954,"PARVATI BEFORE MEETING RIVER CHAMBAL AT KHATOLI, KOTA, RAJASTHAN",RAJASTHAN,25.8,5.2,8.2,556,1,0.6,4,10
1607,"GOHAD DAM, GOHAD, M.P",MADHYA PRADESH,25.4,7.2,7.7,1165,2.6,1.7,NA,NA
1367,KHAN AT KABIT KHEDI (NEAR INDORE) M.P.,MADHYA PRADESH,28,0,7.3,1507,40,45.5,41,1600
1369,"KSHIPRA AT RAMGHAT AT UJJAIN, M.P.",MADHYA PRADESH,27,6.9,8,974,NA,1.6,NA,1600
1370,"KSHIPRA AT TRIVENISANGAM (1 KM. D/S OF SANGAM), M.P.",MADHYA PRADESH,26.8,7,7.8,854,NA,1.9,NA,1600
1468,"KSHIPRA AT SIDDHAWAT (D/S) OF UJJAIN.,M.P.",MADHYA PRADESH,26.8,6.5,7.9,952,NA,1.9,NA,1600
2953,"KALI SINDH AT ANICUT OF M/S CFCL GADEPAN, KOTA, RAJASTHAN",RAJASTHAN,25.6,5.4,8,489,0.9,0.6,4,7
2956,"KALI SINDH AT BAROD ROAD BRIDGE, KOTA, RAJASTHAN",RAJASTHAN,26.1,5.2,8.3,587,0.9,0.5,4,6
1608,"SINDH AT DABRA, M.P",MADHYA PRADESH,24.4,8.1,7.5,708,1.8,0.8,NA,NA
2117,"BICHIA, BRIDGE GOVINDGARH ROAD",MADHYA PRADESH,26.3,5.4,7.6,607,5.2,3.3,48,633
1433,"SANKH AT TIGRA RESERVOIR, M.P.",MADHYA PRADESH,23,8.4,7.5,811,2.1,0.9,NA,NA
3311,"JAMUNI AT BARIYAGHAT U/S NEAR INTAKE POINT, TIKAMGARH",MADHYA PRADESH,26.8,7.6,8,345,0.6,0,NA,1
3327,"SONE AT AMLAI, 100 METRE D/S AFTER MIXING OF ATPS EFFLUENT, REWA",MADHYA PRADESH,26.8,6.6,7.8,865,3.9,1.8,NA,315
2950,"BANAS AT DHANARI DAM, NEAR SWAROOPGANJ, SIROHI, RAJASTHAN",RAJASTHAN,23.9,6.2,7.7,404,1.2,0.5,4,6
2951,"BANAS AT BISULPUR DAM, TONK, RAJASTHAN",RAJASTHAN,28,5.7,8.1,388,0.8,0.6,NA,4
2952,"BANAS AT NEAR NEWTA DAM, JAIPUR, RAJASTHAN",RAJASTHAN,23.2,2.4,8.2,1596,7.3,0.9,13,883
2945,"CHHAPI AT UPSTREAM OF CHHAPI DAM, JHALAWAR, RAJASTHAN",RAJASTHAN,25.8,5.7,8,306,0.8,0.5,NA,5
2946,"UJAD AT UPSTREAM OF BHIM SAGAR DAM, JHALAWAR, RAJASTHAN",RAJASTHAN,25.9,5.6,8,265,0.9,0.5,4,6
1947,TEESTA AT SILIGURI,WEST BENGAL,20.8,7.5,7.4,86,2,0.5,2833,6700
2229,"KUNDLI RIVER AT KUNDLI/ SAPAKHOWA, SADIA.",ASSAM,24.8,6.5,7.3,195,1.7,0.8,1258,1530
2231,DIKHOW RIVER AT DIKHOW BRIDGE SIVASAGAR,ASSAM,25.7,7.1,7.1,287,1.3,1.4,423,2320
2232,"KOHORA RIVER AT N.H. CROSSING, KOHORA",ASSAM,24.3,8.1,6.7,58,1.3,0.4,318,4598
2233,"BOGINADI NEAR BRIDGE NH-52, LAKHIMPUR",ASSAM,24,7.7,6.6,177,1.3,1.6,875,29558
2234,RANGA NADI D/S OF HYDEL PROJECT,ASSAM,25,7.7,6.9,157,1.2,1.3,465,11818
2236,"KAPILI RIVER AT DHARMTUL BRIDGE, NH-31, NAGAON",ASSAM,25.5,7.3,6.5,138,1.7,0.6,175,615
2238,BEKI RIVER AT NH-37 CROSSING AT BARPETA ROAD,ASSAM,26.9,5.8,7.1,220,1.3,1.6,228,1133
2239,"SANKOSH RIVER, DHUBRI",ASSAM,29,5.3,6.8,132,2.3,0.8,1280,62780
2240,BARAK RIVER AT D/S OF SILCHAR,ASSAM,17.5,6.2,6.8,138,1.6,1.3,1255,2975
2241,SONAI RIVER AT SONAI,ASSAM,15.1,6.3,6.8,136,1,1.4,6048,31975
2242,KUSHIARA RIVER AT KARIMGANJ,ASSAM,13.3,4.9,6.8,177,1.7,1.8,638,6740
2523,"KAROLA, D/S OF JALPAIGURI, NEAR MIN BHAWAN",WEST BENGAL,27.3,6.7,7.4,166,3,0.3,169867,344500
2524,"KALJANI D/S OF ALIPURDWAR, MUNICIPALITY DISCHARGE POINT ",WEST BENGAL,28.8,7.6,7.6,141,2.4,0.3,4708,15667
2235,"PANCHNAI RIVER AT NH-52 CROSSING, ORANG",ASSAM,23,7.7,7,355,0.8,1.4,1530,5628
2724,"SUSWA RIVER AT MOTHRAWALA, DEHRADUN",UTTARAKHAND,23.4,3,7.6,NA,33.2,0,NA,1600
2728,GOLA RIVER AT HALDWANI,UTTARAKHAND,15.1,7.7,7.6,229,1.4,0,NA,NA
2734,BHALLA RIVER U/S KASHIPUR,UTTARAKHAND,22.6,2.8,7.1,378,18.4,0,NA,NA
2735,BHALLA RIVER AT LOHIA BRIDGE D/S KASHIPUR,UTTARAKHAND,23.6,0.8,6.8,550,37.5,0,NA,NA
2732,DHELA RIVER U/S AT KASHIPUR MORADABAD ROAD BRIDGE,UTTARAKHAND,23.3,2.4,7.2,706,35.7,0,NA,NA
2733,DHELA RIVER D/S AT THAKURDWARA ALIGANJ ROAD,UTTARAKHAND,23.7,1.8,7.3,801,30.4,0,NA,NA
2731,KOSI RIVER AT KASHIPUR BAJPUR ROAD BRIDGE,UTTARAKHAND,22.3,7.9,7.1,386,6.4,0,NA,NA
1064,"RAMGANGA AT KANNAUJ (BEFORE CONF.),U.P",UTTAR PRADESH,26.9,6.9,8,391,4.1,0.3,2800,5256
2497,"KALI EAST AT KHARKHODA-PARIKSHIT GARH ROAD, VILL. KOL, MEERUT",UTTAR PRADESH,22.8,NA,7.5,1859,72.1,7.3,243500,232500
1065,"KALINADI AT KANNAUJ (BEFORE CONF.),U.P",UTTAR PRADESH,26.9,6.2,7.9,316,5.1,0.3,2956,5056
2482,"VARUNA AT RAMESHWAR, VARANASI",UTTAR PRADESH,22.9,8,8,305,2.6,0,4942,5758
2483,VARUNA B/C WITH RIVER GANGA AT VARANASI,UTTAR PRADESH,23.3,3.3,8.4,508,36.5,0,137417,224167
1361,"SAI AT UNNAO AFTER DRAIN OUTFALL, U.P.",UTTAR PRADESH,26.8,7.3,13.2,237,3.7,0.1,2164,4427
2484,"SAI AT JALALPUR, JAUNPUR",UTTAR PRADESH,23,7.8,8.2,298,2.9,0,6300,10192
1350,"GOMTI AT SITAPUR U/S AT WATER INTAKE, U.P.",UTTAR PRADESH,25.8,8.7,8.1,392,2.7,1.3,631,1879
1351,"GOMTI AT LUCKNOW U/S AT WATER INTAKE POINT,U.P.",UTTAR PRADESH,25.9,8,8,454,3.3,1.6,2120,3900
1352,"GOMTI AT LUCKNOW D/S, U.P.",UTTAR PRADESH,25,2.6,7.6,568,9.5,4,82800,118300
1353,"GOMTI AT JAUNPUR D/S, U.P.",UTTAR PRADESH,22.7,7.7,8.2,323,3.3,0,11083,16333
1072,"GOMTI AT VARANASI, U.P",UTTAR PRADESH,22.9,7.8,8.1,306,3,0,6917,11283
2491,"RAPTI AT RAJGHAT, GORAKHPUR",UTTAR PRADESH,20.8,7.5,8,478,3.4,0.4,593,1175
1363,"RAPTI AFTER CONFL. OF R. HONIN NR. DOMINGARH RLY BRIDGE, GORAKHPUR, U.P.",UTTAR PRADESH,21,7.1,8.1,438,2.8,0.3,232,494
1354,"SARYU AT AYODHYA AT MAIN BATHING GHAT, U.P.",UTTAR PRADESH,20.3,9.2,7.7,187,2.7,0.7,4525,7258
1355,"GHAGHARA AT DEORIA D/S, U.P.",UTTAR PRADESH,23,7.7,8.1,488,2.9,0.3,203,455
2492,"GHAGHRA AT BARHALGANJ, GORAKHPUR",UTTAR PRADESH,21.6,7.5,8.1,529,3.4,0.4,583,1177
1076,"GHAGHARA NEAR CHAPRA, BIHAR",BIHAR,23.2,8.6,8.2,260,2.2,0,1115,2433
1359,"RIHAND AT RENUKUT U/S, U.P.",UTTAR PRADESH,24.5,7.6,8.1,286,2.4,0.6,1287,2367
1360,"RIHAND AT RENUKUT D/S, U.P.",UTTAR PRADESH,24.5,7.9,8.1,281,2.3,0.6,1525,2633
1075,"SONE AT KOELWAR, BIHAR",BIHAR,22.6,8.1,8.1,232,1.9,0,697,1533
3121,SONE RIVER NEAR BANZARI,BIHAR,19,8.2,7.6,250,2.1,0,710,1567
3127,SONE RIVER AT BAHIYARA,BIHAR,23,8.3,8,252,2.2,0,483,1580
3128,SONE RIVER AT NASIRIGANJ DAM,BIHAR,23.2,7.7,7.8,298,2.2,0,848,2167
1078,"GANDAK AT SONEPUR, PATNA (BEFORE CONFL.),BIHAR",BIHAR,22.3,8.6,8.1,238,2,0,581,1557
2568,"GANDAK AT REWAGHAT, MUJAFFARPUR",BIHAR,23,8.4,8.1,247,1.8,0,527,1305
2570,GANDAK ATSAMASTIPUR ROAD BRIDGE,BIHAR,23.2,7.9,8,302,2.1,0,897,2317
3124,GANDAK RIVER U/S ROAD BRIDGE MUZAFFARPUR (NH),BIHAR,23.1,16.3,8.1,269,2,0,769,1655
3125,GANDAK RIVER GOPALGANJ - PIPRAKOTHI ROAD BRIDGE (DUMARIA GHAT),BIHAR,23.8,8,7.4,346,2,0,532,1180
2575,"SIKRAHNA RIVER AT LAL PARSE, BITTIAH",BIHAR,22.4,6.5,7.5,319,3.5,0,1900,5025
1820,SIKRANA AT CHANPATIYA,BIHAR,23.3,4.2,7.3,418,7.1,0,2460,7640
3134,SIKRAHNA RIVER AT LAURIA - HARINAGAR ROAD BRIDGE,BIHAR,25.6,4.3,7.1,450,30,0,1690,6333
2562,"BURHI GANDAK AT AKHARAGHAT, MUZAFFARPUR",BIHAR,23.3,8,8,290,2.4,0,1350,3250
2558,HARBORA RIVER AT NARKATIAGANJ,BIHAR,24.1,4.4,7.2,370,4.7,0,1700,4450
3126,U/S HARBORA RIVER,BIHAR,22.1,8.1,8.1,228,1.8,0,721,1257
2567,KAMALA RIVER AT BENIPATTI (MADHUBANI),BIHAR,18.5,8.6,8.1,338,2.1,0,500,950
2569,KAMALA RIVER AT DARBHANGA,BIHAR,23,7.9,7.8,319,2.2,0,740,1840
3133,KAMALA RIVER AT JAYNAGAR,BIHAR,18,8.8,8.2,340,2,0,500,900
2563,"MANUSMAR RIVER AT RIGA, SITAMARHI",BIHAR,22.3,5.6,7.4,330,3.5,0,2000,5560
2565,KOSHI RIVER AT KURSHELA AT KATIHAR,BIHAR,24.8,7,7.4,184,2,0,670,1989
2566,KOSHI RIVER AT MADHEPURA,BIHAR,23.5,7.1,7.6,211,2,0,900,2175
3137,KOSHI RIVER AT BEERPUR,BIHAR,24.2,7.1,7.4,215,2.1,0,738,1880
1821,DAHA AT SIWAM,BIHAR,23.7,7.8,7.8,326,2.4,0,1500,2983
2560,D/S DAHA RIVER AT SASAMUSA,BIHAR,20.9,5.4,7.5,404,3.3,0,1900,5883
2561,"DAHA RIVER AT ITWA BRIDGE, SIWAN",BIHAR,23.7,7.7,7.8,333,2.3,0,1200,2650
3129,DAHA RIVER AT MEERGANJ,BIHAR,25.2,4.5,7.2,289,5.3,0,1182,3033
1823,DHOUS AT MADHUBANI,BIHAR,18.5,7.3,7.8,288,2.8,0,1400,4000
1824,FARMAR AT JOGBANI,BIHAR,23.3,7,7.4,251,2.5,0,1343,3157
2559,RAM REKHA RIVER AT HARINAGAR,BIHAR,25.6,2.1,6.9,461,8.6,0,3867,14367
3130,RAM REKHA RIVER AT U/S HARINAGAR,BIHAR,23.5,7.2,7.6,299,2.2,0,1045,2750
1822,SIRSA AT RUXOL,BIHAR,27.8,2.1,7.2,457,11,0,5000,16000
3132,BAGMATI RIVER AT MUZAFFARPUR - SITAMARHI ROAD BRIDGE,BIHAR,24.5,8,7.9,276,1.7,0,743,2333
3135,BAGMATI RIVER AT DARBHANGA - SAMASTIPUR ROAD BRIDGE,BIHAR,22.6,8.4,7.9,306,2,0,596,1400
3131,U/S MANUSMAR RIVER (RIGA),BIHAR,25.6,6.9,7.9,482,1.5,2.8,NA,144
3119,PUNPUN RIVER NEAR PUNPUN RAIL BRIDGE,BIHAR,22.3,7.9,7.8,300,2.2,0,827,2467
3120,PUNPUN RIVER NEAR KINZER ROAD BRIDGE,BIHAR,21,8,7.9,289,2.1,0,600,1650
3136,SIRSIA RIVER D/S RAXAUL (KOERIA TOLA),BIHAR,27.8,2.1,7.3,432,9.7,0,2850,12550
1023,"GHAGGAR AT MUBARAKPUR REST HOUSE (PATIALA), PUNJAB",PUNJAB,22.7,5.8,7.2,640,6,4.3,1450,4073
1024,"GHAGGAR AT 100M D/S CONF. WITH R. SARASWATI (PATIALA),PUNJAB",PUNJAB,19,4.8,7.6,1090,22,3.6,30500,52500
1295,"GHAGGAR NEAR BANKARPUR,DERA BASSI,PUNJAB",PUNJAB,23,5.5,7.3,705,10,5,2020,5433
1473,"GHAGGAR AT RATANHERI, D/S OF PATIALA NADI (AFTER CONFL.), PUNJAB",PUNJAB,24,5.1,7.4,1375,23.7,5.9,27333,50333
1698,"D/S CHHATBIR, PUNJAB",PUNJAB,24.7,5.5,7.4,745,10,6.1,12167,29333
1699,"U/S DHAKANSU NALLAH, PUNJAB",PUNJAB,25,5,7.6,975,16.3,6.1,11167,21667
1700,"D/S DHAKANSU NALLAH, PUNJAB",PUNJAB,22,4.9,7.7,1385,27.5,7.7,42500,72000
1701,"D/S JHARMAL NADI, PUNJAB",PUNJAB,24.3,5,7.3,1067,19.3,6.2,21467,39533
1702,"U/S JHARMAL NADI, PUNJAB",PUNJAB,23.3,5.3,7.2,970,13.3,5.9,3167,7133
1703,"GHAGGER AT MOONAK, PUNJAB",PUNJAB,19.5,4.9,7.7,1418,21,4.2,28000,49500
1704,"D/S SARDULGARH, PUNJAB",PUNJAB,21.5,4.1,7.5,1015,23,6.1,35000,57500
1705,"U/S SARDULGARH, PUNJAB",PUNJAB,20,4.8,7.4,854,17,4.7,20500,38000
1718,"GAGGAR RIVER WHEN ENTERING IN RAJASTHAN FROM HARYANA NEAR RD NO. 629, RAJASTHAN",RAJASTHAN,32.6,4,6.8,370,3,0.8,4,9
1871,"RIVER MARKANDA AT PAONTA, DISTT. SIRMOUR, H.P.",HIMACHAL PRADESH,23.6,7.8,7.8,376,1.3,0.4,9,17
2624,MARKANDA U/S KALA AMB,HIMACHAL PRADESH,23.9,7.7,7.7,354,1.3,0.3,12,22
2625,MARKANDA D/S KALA AMB/ BOUNDARY OF HARYANA,HIMACHAL PRADESH,24.5,7.6,7.9,344,1.6,0.4,12,22
1870,"RIVER SUKHANA AT PARWANOO, DISTT. SOLAN, H.P.",HIMACHAL PRADESH,18.1,4.4,7.1,694,41,1.2,92,224
2947,"RIVER JAWAI AT JAWAI DAM, SIROHI, RAJASTHAN",RAJASTHAN,25.1,5.9,8,401,0.9,0.7,4,15
1717,"KODRA DAM, MOUNT ABU, RAJASTHAN",RAJASTHAN,22.3,6,7.2,106,0.8,0.4,4,15
2948,"RIVER BANDI AT HEMAWAS DAM, PALI, RAJASTHAN",RAJASTHAN,23.7,5.6,7.9,326,1.1,0.8,4,4
2949,"RIVER LUNI AT RANAKPUR DAM, RANAKPUR, PALI, RAJASTHAN",RAJASTHAN,23.9,6.2,8.1,592,1,0.7,4,6
2651,"AMBA RIVER AT D/S OF WAKEN BRIDGE-U/S OF JS PETROCHEMICALS, WAKENPHATA, ROHA",MAHARASHTRA,25.1,6.6,7.8,95,4.9,0.2,16,36
1461,"BHATSA AT D/S OF PISE DAM NEAR PISE VILLAGE (ULHAS), MAHARASHTRA",MAHARASHTRA,29.6,6.9,7.9,99,5,0.4,15,34
2653,"BHATSA RIVER AT D/S OF LIBERTY OIL MILLS, SATNEL, SHAHAPUR, THANE",MAHARASHTRA,27.4,6.8,7.7,85,5.2,0.3,11,23
2654,"BHATSA RIVER AT U/S OF LIBERTY OIL MILLS, SATNEL, SHAHAPUR, THANE",MAHARASHTRA,27.8,6.7,7.8,80,4.9,0.3,12,29
1092,"KALU AT ATALE VILLAGE, MAHARASHTRA",MAHARASHTRA,30.6,5.1,7.3,3937,10.3,1.8,31,83
2670,"KAN RIVER, NEAR SAKRI WATER WORKS, SAKRI, DHULE.",MAHARASHTRA,25,5.6,7.9,468,3.6,1.9,66,164
1152,"KUNDALIKA AT ROHA CITY, MAHARASHTRA",MAHARASHTRA,25,6.4,7.6,541,5.7,0.6,23,45
2198,KUNDALIKA RIVER AT ARE KHURD ( SALINE ZONE ),MAHARASHTRA,25,5.5,7.4,6166,7.7,1.1,44,67
2671,"KUNDALIKA RIVER NEAR SALAV BRIDGE (SALINA ZONE), SALAV, ROHA, RAIGAD",MAHARASHTRA,25.3,5.3,7.7,24062,9.9,1.2,156,304
2672,"KUNDALIKA RIVER AT DHATAV AT JACKWELL (DRINKING WATER  PUMPING STATION-SWEET ZONE), ROHA",MAHARASHTRA,25.1,6.7,7.6,83,4.8,0.2,28,76
2168,MITHI RIVER,MAHARASHTRA,26.1,3.6,7.4,4424,31.3,2.2,276,474
2676,"MUCHKUNDI RIVER AT  WAKED,RATNAGIRI, NEAR M/S ASAHI INDIA GLASS LTD., LANJA, RATNAGIRI.",MAHARASHTRA,21.4,7.2,7.7,226,3.1,0.8,NA,130
1151,"PATALGANGA AT SHILPHATA, MAHARASHTRA",MAHARASHTRA,27.4,5.9,7.4,268,6.4,0.4,37,68
1462,"PATALGANGA NEAR INTAKE OF MIDC W/W, MAHARASHTRA",MAHARASHTRA,27.1,5.4,7.5,2413,7.4,1.5,59,116
2685,"PATALGANGA RIVER AT D/S OF KHARPADA BRIDGE, RAIGAD.",MAHARASHTRA,27.2,5.8,7.3,384,5.4,0.6,37,78
2686,"PATALGANGA RIVER AT VYAL PUMP HOUSE , KHALAPUR, RAIGAD.",MAHARASHTRA,27.3,5.9,7.4,269,5.1,1.2,34,60
2687,"PATALGANGA RIVER AT KHALAPUR PUMPING STATION, KHALAPUR, RAIGAD.",MAHARASHTRA,27,6,7.3,269,8.5,0.4,32,58
2688,"PATALGANGA RIVER AT SAVROLI BRIDGE, KHALAPUR, RAIGAD.",MAHARASHTRA,27.2,6.1,7.3,196,6.1,0.5,30,63
2689,"PATALGANGA RIVER AT GAGANGIRI MAHARAJ TEMPLE, KHOPOLI, RAIGAD.",MAHARASHTRA,27,5.9,7.4,269,6.4,0.4,19,47
2696,"PEHLAR DAM ON PEHLAR RIVER INLET OF WATER WORKS, VASAI, THANE.",MAHARASHTRA,22.6,6.3,7.8,223,4.6,0.9,15,32
2199,SAVITRI RIVER AT OVALE VILLAGE.,MAHARASHTRA,28.4,6.7,7.3,9293,3.5,1.8,NA,NA
2701,"SAVITRI RIVER JACKWELL AT UPSA KENDRE, NANGALWADI, MAHAD, RAIGAD",MAHARASHTRA,28,6.8,7.2,170,3.1,1.4,NA,NA
2702,"SAVITRI RIVER AT SHEDAV DOH, MAHAD,RAIGAD",MAHARASHTRA,27.6,6.8,7.3,4175,3.3,1.6,NA,NA
2703,"SAVITRI RIVER AT DADLI BRIDGE, DADLI, MAHAD, RAIGADH",MAHARASHTRA,27.9,6.9,7.3,4282,3.3,1.6,NA,NA
2704,"SAVITRI RIVER AT MUTHAVALI VILLAGE, MAHAD, RAIGADH",MAHARASHTRA,28.1,6.9,7.3,5551,3.4,1.7,NA,NA
2706,"SURYA RIVER, U/S OF SURYA DAM, DHAMMI, VIKRAMGAD, THANE",MAHARASHTRA,27.1,6.8,7.9,5390,4.9,0.8,15,28
2707,"SURYA RIVER AT MIDC PUMPING STATION, GARVASHET, PALGHAR, THANE",MAHARASHTRA,27.6,6.6,8.1,161,4.6,0.3,16,32
2708,"SURYA RIVER AT INTAKE OF VASAI-VIRAR W/S SCHEME, MASVAN, PALGHAR, THANE",MAHARASHTRA,27.3,6.7,8,138,5,0.3,14,33
2709,"TANSA RIVER NEAR ROAD BRIDGE, VILLAGE DAKEWALI, WADA, THANE",MAHARASHTRA,27.8,6.7,7.8,81,4.9,0.3,14,35
1093,"ULHAS AT U/S OF NRC BUND AT MOHANE, MAHARASHTRA",MAHARASHTRA,28,5.9,7.7,194,5.5,0.6,22,51
1094,"ULHAS AT U/S OF BADLAPUR, MAHARASHTRA",MAHARASHTRA,28.1,6.3,7.6,186,4.6,0.6,13,31
2162,ULHAS RIVER ATJAMBHUL WATER WORKS.,MAHARASHTRA,28.6,6.6,7.6,207,4.7,0.7,12,31
2712,"VAITARNA RIVER NEAR ROAD BRIDGE, GANDHARE VILLAGE, WADA, THANE.",MAHARASHTRA,26.9,6.8,7.7,85,5,0.4,15,34
2164,VASHISTI RIVER AT U/S OF THREE M PAPER MILLS NEAR M/S MULTIFILMS PLASTIC PVT. LTD. AT KHERDI.,MAHARASHTRA,23,7.1,7.4,176,2.7,0.9,NA,30
2713,"VASHISHTI RIVER AT D/S OF THREE M PAPER MILLS NEAR CHIPLUN WATER INTAKE JACKWELL, KHERDI, RATNAGIRI",MAHARASHTRA,23,7,7.4,178,2.7,0.9,NA,40
2714,"VASHISHTI RIVER AT U/S OF POPHALI NEAR KONPHANSAWANE BRIDGE, CHIPLUN, RATNAGIRI",MAHARASHTRA,23,7.2,7.2,180,2.7,1,NA,70
1311,"PANCHAGANGA AT ICHALKARANJI, MAHARASHTRA",MAHARASHTRA,23.8,6.8,7.4,388,2.9,1.5,NA,70
2163,PANCHAGANGA RIVER AT SHIROL NEAR SHIROL INTAKE WELL.,MAHARASHTRA,24.6,6.4,7.3,467,3,1.3,NA,70
1904,PANCHAGANGA U/S OF KOLHAPUR TOWN,MAHARASHTRA,24,7,7.3,360,2.9,1.1,NA,90
1905,PANCHAGANGA D/S OF KOLHAPUR TOWN,MAHARASHTRA,24.4,6.7,7.5,390,2.9,1.3,NA,140
1189,"BHIMA AT PUNE U/S VITHALWADI, MAHARASHTRA",MAHARASHTRA,26.3,3.7,7.9,453,7.5,2.2,202,1468
2655,"BHIMA RIVER AT KOREGAON NEAR KOREGAON BRIDGE, SHIRUR, PUNE",MAHARASHTRA,24.4,5.8,8.1,523,5.7,2.1,164,1529
2656,"BHIMA RIVER-BACKWATER OF UJANI DAM NEAR RAW WATER PUMP HOUSE, KUMBARGAON, INDAPUR, PUNE",MAHARASHTRA,28.5,5.9,7.9,524,11.1,3,52,609
1190,"BHIMA AT PUNE, D/S OF BUNDGARDEN,MAHARASHTRA",MAHARASHTRA,27.1,3.3,7.7,424,13.7,3.1,386,1800
1191,BHIMA AT PARGAON (AFTER CONFL.WITH MULE MARTHA) MAHARASHTRA.,MAHARASHTRA,27.3,5.3,8,720,7.2,2.9,209,1700
1192,"BHIMA AFTER CONF. WITH DAUNT, MAHARASHTRA",MAHARASHTRA,27.5,5.4,8,755,7.2,3.2,187,1675
1188,"BHIMA AT NARSINGHPUR,(D/S AF.CONFL.WITH R.NIRA),MAHARASHTRA",MAHARASHTRA,29.5,6.4,8.2,991,5.3,2,251,1425
28,"BHIMA AT TAKLI, MAHARASHTRA",MAHARASHTRA,29.1,6.2,8.2,1010,5.1,2.3,164,1529
1183,"BHIMA AT D/S OF ROAD BRIDGE AT GANGAPUR VILLAGE,KARNATAKA",KARNATAKA,27.3,6.8,8.4,949,3.8,0.3,1483,1600
1184,"BHIMA AT FEROZABAD VILLAGE (D/S), KARNATAKA",KARNATAKA,28.5,6.7,14.7,917,3,0.2,992,1542
1167,"BHIMA AT D/S OF BDG. NEAR YADGIR,KARNATAKA",KARNATAKA,29.6,7.6,8.1,834,2.1,0.2,1183,1600
1888,BHIMA RIVER AT CONFLUENCE OF JEWARGI TOWN SEWAGE DISPOSAL POINT,KARNATAKA,29.2,6.4,8.4,874,3,0.3,1033,1483
1399,"ZUARI AT D/S OF PT. WHERE KUMBARJRIA CANAL JOINS, GOA",GOA,29.8,5.7,7.2,189,2,0.2,4953,8391
1475,ZUARI AT PANCHAWADI,GOA,29.5,6.3,6.9,179,1.7,0.1,3243,5330
3181,RIVER ZUARI AT BORIM BRIDGE,GOA,29.7,5.8,6.9,64,3.8,0.5,5382,8443
3182,RIVER ZUARI AT MARCAIM JETTY,GOA,29.5,5.8,7.3,83,1.9,0.4,3428,5500
1400,"MANDOVI AT NEGHBOURHOOD OF PANAJI, GOA",GOA,30,5.5,7.4,81,1.5,0.1,2853,4049
1476,"MANDOVI AT TONCA, MARCELA, GOA",GOA,29.2,6.1,6.7,308,1.4,0.3,3355,5672
3185,RIVER MANDOVI AT AMONA BRIDGE,GOA,29.6,6.4,6.7,414,1,0.2,6073,9423
3186,RIVER MANDOVI AT IFFI JETTY,GOA,30,6.4,7.6,305,2.2,0.1,3478,4990
3187,RIVER MANDOVI NEAR HOTEL MARRIOT,GOA,30.1,6.3,7.6,77,2.3,0.1,2606,4301
1543,"RIVER KALNA AT CHANDEL- PERNEM, GOA",GOA,27.8,7.1,7.1,176,1.2,0.1,4573,7817
1548,"RIVER ASSONORA AT ASSONORA, GOA",GOA,27.9,6.7,6.4,93,1.4,0.1,2147,3433
2276,"RIVER BICHOLIM VARAZAN NAGAR , BICHOLIM",GOA,29.3,7.4,6.8,121,1.7,0.4,11633,18125
2275,"RIVER CHAPORA NEAR ALORNA FORT ,PERNEM",GOA,29.2,6.9,7,620,1.1,0.1,3500,6300
3189,RIVER CHAPORA AT SIOLIM,GOA,30,6,7.5,72,1.6,0.2,4995,9517
1546,"RIVER KHANDEPAR AT OPA - PONDA, GOA",GOA,29,7.3,7,247,1.5,0.2,1095,2453
2270,"RIVER KHANDEPAR AT CODLI NEAR BRIDGE ,U/S OPA WATERWORKS,SANGUEM",GOA,29.1,7.3,7,188,1,0.1,1286,3048
2272,"RIVER KUSHAWATI NEAR BUND AT KEVONA,RIVON,SANGUEM",GOA,28.7,7,6.9,224,1.2,0.3,3896,6742
1545,"RIVER MADAI AT DABOS -  VALPOI, GOA",GOA,28.7,7.3,6.7,144,1.5,0.1,1940,3052
2274,RIVER MAPUSA ON CULVERT ON HIGHWAY MAPUSA-PANAJI,GOA,29.5,5.3,6.8,319,1.8,0.3,6458,10250
2271,"RIVER SAL PAZORKHONI,CUNCOLIM(NEAR CULVERT MARGAO- CANACONA NATIONAL HIGHWAY)",GOA,29,6.3,6.4,79,1.6,1.4,7592,12842
2273,"RIVER SAL NEAR HOTEL LEELA MOBOR,CAVELOSSIM",GOA,29.4,5.4,7.6,39,1.4,0.1,3176,6367
3183,"RIVER SAL AT KHAREBAND, MARGAO",GOA,28.3,2.2,6.5,322,4.7,1.2,11210,14920
3184,"RIVER SAL AT ORLIM BRIDGE, ORLIM",GOA,30.1,5.2,7.1,192,2.6,0.3,5073,8925
3190,RIVER SINQUERIM (CANDOLIM SIDE NEAR BRIDGE),GOA,30.3,5.6,7.5,282,1.8,0.1,3205,5082
3191,RIVER SINQUERIM NEAR NERUL TEMPLE,GOA,30.5,5.5,7.4,275,1.5,0.1,4698,8625
1547,"RIVER TALPONA AT CANACONA, GOA",GOA,29.1,7.3,6.7,55,1.4,0.1,2638,4003
3188,RIVER TIRACOL AT TIRACOL,GOA,30.1,6.5,7.5,415,2,0.1,864,1538
1544,"RIVER VALVANT AT SANKLI - BICHOLIM, GOA",GOA,29.2,7.2,6.3,100,1.5,0.1,7942,13575
1854,"INDRAVATI RIVER A/C DANTEWADA RIVER, NELSONNAR, DANTEWADA.",CHHATTISGARH,24.5,7.6,7.5,NA,1.4,0,NA,5
1856,SHANKNI RIVER A/C DANKANI RIVER DANTEWADA.,CHHATTISGARH,25,7.4,7.5,NA,1.7,0,NA,9
2673,"MANJRA RIVER AT D/S OF LATUR, NEAR LATUR- NANDED BRIDGE AT BHATKHEDA, LATUR.",MAHARASHTRA,26.3,6.6,7.9,1610,4.7,0.4,2,107
2374,RIVER MANJEERA AT GOWDICHARLA B/C WITH NAKKAVAGU,ANDHRA PRADESH,29.1,5.8,8.2,498,1.3,2,13,102
2375,RIVER MANJEERA AT GOWDICHARLA A/C WITH NAKKAVAGU,ANDHRA PRADESH,29.6,5.2,8.2,555,1.6,2.9,19,158
1781,"MANJEERA RIVER - NEAR GANAPATHI SUGARS , MEDAK DIST., A.P",ANDHRA PRADESH,28.5,6.3,8.4,451,0.8,0.9,9,90
1157,"MANJERA AT RAIPALLU, A.P.",ANDHRA PRADESH,28.3,6.6,8.4,427,1,1,9,82
1891,MANJRA AT D/S IN INTAKE POINT TO BIDAR CITY,KARNATAKA,27.9,7,7.8,543,2.3,1.3,786,1400
1215,"MANER AT WARANGAL U/S, A.P.",ANDHRA PRADESH,17.4,5.1,7.9,400,10.9,0,NA,NA
1158,"MANER AT SOMNAPALLI, A.P.",ANDHRA PRADESH,27,6,8.3,430,8,0,NA,NA
2719,"WARDHA RIVER AT D/S OF ERAI RIVER, HADASTI, CHANDRAPUR.",MAHARASHTRA,26.1,5.1,8.1,369,11.3,1.1,140,220
2720,"WARDHA RIVER AT U/S OF ERAI RIVER, HADASTI, CHANDRAPUR.",MAHARASHTRA,24.9,6,8.2,403,8.9,1,90,130
2721,"WARDHA RIVER AT U/S OF ACC GHUGGUS, CHANDRAPUR.",MAHARASHTRA,23.9,6.2,8.2,458,8.9,2.2,110,140
2174,WARDHA RIVER D/S OF ACC GHUGGUS.,MAHARASHTRA,23.4,5.1,8.2,577,10.7,2.3,110,140
2156,WARDHA RIVER AT CONFLUENCE POINT OF PENGANGA & WARDHA AT JUAD.,MAHARASHTRA,24.4,5.4,8.1,678,10.6,2.7,50,80
1212,"WARDHA AT RAJURA BRIDGE, MAHARASHTRA",MAHARASHTRA,23.7,5.7,8.2,498,8.9,2.1,40,70
1213,"WAINGANGA AT BALAGHAT, M.P.",MADHYA PRADESH,22.7,7.4,7.4,450,2.2,0.4,39,67
1214,"WAINGANGA AT CHINDWARA, M.P.",MADHYA PRADESH,21.4,7.3,8,386,2.3,1,15,95
3330,"WAINGANGA AT CHHAPARA, NEAR W/S INTAKE POINT, JABALPUR",MADHYA PRADESH,23,7.7,8.1,292,1.5,4.8,0,36
1910,WAINGANGA AFTER CONLUENCE WITH KANHAN,MAHARASHTRA,33.3,4.8,8.3,482,10.8,6,170,277
2173,WAINGANGA RIVER U/S OF ELLORA PAPER MILL.,MAHARASHTRA,28.1,5.9,8.1,341,9.1,1.2,82,132
2172,WAINGANGA RIVER D/S OF ELLORA PAPER MILL.,MAHARASHTRA,27.3,5.3,8.2,273,9.6,1.7,98,180
2175,"WAINGANGA U/S OF GAURAV PAPER MILLS, NEAR JACKWELL.",MAHARASHTRA,25.1,6.2,8.2,393,9.1,2.4,110,170
2176,"WAINGANGA D/S OF GAURAV PAPER MILLS, NEAR JACKWELL.",MAHARASHTRA,24.3,5.3,8.2,388,10.6,1.2,140,240
11,"WAINGANGA AT ASHTI, MAHARASHTRA",MAHARASHTRA,24.1,5.7,8.2,366,8.6,0.9,170,280
1908,KOLAR BEFORE CONFLUENCE TO KANHAN AT KAMPTEE,MAHARASHTRA,24.1,5.5,8.2,607,10.4,2.9,114,193
3312,"KANHAN AT CHINDWARA BEFORE MIXING BOREGAON GROWTH CENTRE NALLA, JABALPUR",MADHYA PRADESH,23.7,7.4,7.7,403,2.1,0.3,39,127
1909,KANHAN D/S OF NAGPUR,MAHARASHTRA,33.8,4.8,8.2,477,10.5,6.7,131,221
2170,"KANHAN RIVER U/S OF M/S VIDHARBHA PAPER MILL, SINORA.",MAHARASHTRA,24.4,5.5,8.2,534,10.1,2.7,103,157
2171,"KANHAN RIVER D/S OF M/S VIDHARBHA PAPER MILL, SINORA.",MAHARASHTRA,24.9,5.1,8.2,523,11.1,2.7,140,222
1913,PURNA AT DHUPESHWAR,MAHARASHTRA,26.3,4.7,8.4,940,15.1,11.5,183,273
2700,"PURNA RIVER NEAR ACHALPUR-AMRAVATI ROAD BRIDGE, ASEGAON, CHANDUR BAZAR, AMRAVATI",MAHARASHTRA,23.2,4.2,8.4,685,13,8.4,363,420
1315,"NIRA AT PULGAON COTTON MILL, WARDHA, MAHARASHTRA",MAHARASHTRA,31.6,5.1,8.3,435,9.7,2.5,152,231
2372,"KINNERASANI A/C OF KTPS ASH POND EFFLUENTS, KHAMMAM",ANDHRA PRADESH,21.6,6.9,7.5,469,0.8,0.5,2,1100
2373,"SABARI AT KUNAVARAM, KHAMMAM",ANDHRA PRADESH,21,7.6,7.6,207,NA,0,2,400
2657,"BINDUSARA RIVER AT BEED NEAR INTAKE WATER PUMP HOUSE AT DAM, PALIGAON, BEED",MAHARASHTRA,27.6,6.5,7.7,1127,5.7,0.3,3,108
2660,"DARNA RIVER AT CHEHEDI PUMPING STATION, NASHIK.",MAHARASHTRA,22.1,5.2,7.9,306,4.5,2.2,47,136
2661,"DARNA RIVER AT ASWALI ( DARNA DAM), IGATPURI, NASHIK",MAHARASHTRA,21.6,4.7,7.9,262,3.4,1.2,33,106
2662,"DARNA RIVER AT MES SITE PUMPING STATION, BHAGUR, NASHIK.",MAHARASHTRA,21.9,5.5,8,247,3.7,1.1,39,104
2663,"DARNA RIVER AT BHAGUR PUMPING STATION NEAR PANDHURLI BRIDGE, BHAGUR, NASHIK.",MAHARASHTRA,22.7,5.4,8.1,244,3.6,1,44,117
2664,"DARNA RIVER AT SANSARI, NASHIK.",MAHARASHTRA,21.3,4.9,7.9,272,3.4,0.6,59,155
2697,"PENGANGA RIVER NEAR WATER SUPPLY SCHEME OF UMARKHED MC BELKHED, UMARKHED, YAVATMAL",MAHARASHTRA,25,5.8,8.3,506,8.5,2.6,14,34
2698,"PENGANGA RIVER D/S OF ISAPUR DAM, ISAPUR, PUSAD, YAVATMAL",MAHARASHTRA,24.6,5.1,8.3,534,9.5,3.2,26,50
2699,"PENGANGA RIVER AT MEHKAR-BULDANA ROAD BRIDGE, MEHKAR, BULDANA",MAHARASHTRA,25.3,4.9,8.4,966,12.8,11.7,133,247
2722,"WENA RIVER  AT U/S OF MOHATA MILLS, NEAR RAILWAY BRIDGE, HINGANGHAT",MAHARASHTRA,31.2,5.2,8.3,432,9.8,2.3,113,186
2723,"WENA RIVER AT D/S OF MOHATA MILLS, NR RD BRG ON HINGANGHAT-WADNER ROAD",MAHARASHTRA,31.1,4.7,8.2,432,11.2,2.3,150,246
1185,"GHATPRABHA AT D/S OF MUDHOL RD. CROSS BDG., KARNATAKA",KARNATAKA,28.9,7,8,736,1.5,4.9,700,1250
1163,"GHATPRABHA AT W.A. POINT TO GOKAK TOWN,KARNATAKA",KARNATAKA,27.5,7.1,7.9,447,1.5,1,558,1040
1187,"MALPRABHA AT D/S OF KHANAPUR VILLAGE,KARNATAKA",KARNATAKA,27.5,6.8,7.4,237,4.5,0.2,796,1460
1164,"MALPRABHA AT WATER ABSTR. PT. TO HUBLI,DHARWAR,KARNATAKA",KARNATAKA,28.5,6.6,7.7,371,1.2,0.6,620,1080
1186,"MALPRABHA AT D/S OF AIHOLE TOWN, KARNATAKA",KARNATAKA,28.5,6.9,8,1004,3.3,2.1,740,1390
2764,"MALPRABHA AT BADAMI BRIDGE, KARNATAKA",KARNATAKA,27,7.1,7.9,1017,4,1.5,732,1350
38,"TUNGHABHADRA AT HONNALI BRIDGE, KARNATAKA",KARNATAKA,25.8,7.2,7.9,286,2.4,0.1,71,157
1029,"TUNGHABHADRA AT HARALAHALLI BRIDGE, KARNATAKA",KARNATAKA,26.1,7,8,415,2.9,0.3,93,191
29,"TUNGHABHADRA AT ULLANUR, KARNATAKA",KARNATAKA,29.9,7.2,7.9,613,1.9,0.2,927,1542
2768,"TUNGABHADRA AT D/S OF HPF, KARNATAKA",KARNATAKA,27,6.5,7.9,536,6,0.4,179,386
2769,"TUNGABHADRA AT JACKWELL POINT, KARNATAKA",KARNATAKA,26.9,6.5,7.9,398,4,0.2,143,288
2770,"TUNGABHADRA AT HARIHAR WATER SUPPLY INTAKE, KARNATAKA",KARNATAKA,26.5,6.7,8,383,3.6,0.2,129,279
2776,"TUNGABHADRA AT D/S OF GANGAWATHI, KARNATAKA",KARNATAKA,29.8,7.2,8.1,448,1.9,0.2,808,1425
2766,"TUNGABHADRA AT NEW BRIDGE, KARNATAKA",KARNATAKA,26.1,7.2,7.9,313,2.7,0.1,69,152
2767,"TUNGABHADRA AT U/S OF HPF, KARNATAKA",KARNATAKA,26.2,7.2,7.9,290,2.9,0.1,55,133
1174,"TUNGHABHADRA AT KURNOOL U/S, BAVAPURAM, A.P.",ANDHRA PRADESH,27.7,7.1,8.1,956,2.2,2.5,18,544
1785,"TUNGHABHADRA AT MANTHRALAYAM , KURNOOL DIST., A.P",ANDHRA PRADESH,27,6.9,8.2,999,3,3.1,23,620
1168,"TUNGHA AT D/S OF SHIMOGA TOWN, KARNATAKA",KARNATAKA,27.6,6,7.8,166,3.5,0.2,273,734
1896,CONFLUENCE POINT OF TUNGA AND BHADRA AT KUDLI,KARNATAKA,28.5,6.4,8,219,3.3,0.3,150,291
1091,BHADRA AT MALLESWARAM D/S OF KIOCL KARNATAKA,KARNATAKA,21.8,5.5,13.7,223,1,0.1,718,2946
1387,"BHADRA AT D/S OF BHADRAVATHI, KARNATAKA",KARNATAKA,29.5,5.8,7.7,245,4.2,0.2,867,1542
1169,"BHADRA AT D/S OF KIOCL ROAD BRIDGE, NEAR HOLEHUNNUR,KARNATAKA",KARNATAKA,28.8,6,7.8,226,3.3,0.2,145,302
2765,"BHADRA AT U/S OF MPM, KARNATAKA",KARNATAKA,29.6,6.5,8,154,2,0.2,58,130
2771,"BHADRA AT U/S OF KIOCL, KARNATAKA",KARNATAKA,21.5,5.5,7.4,185,1,0.1,532,2064
1172,"MUSI U/S AT HYDERABAD, A.P.",ANDHRA PRADESH,17,6,8,416,4.3,0,NA,NA
1173,"MUSI D/S AT HYDERABAD, A.P.",ANDHRA PRADESH,17,0,7.4,1408,59,0,NA,NA
2339,"RIVER MUSI AT NAGOLE,RANGAREDDY",ANDHRA PRADESH,17.2,0.2,7.5,1255,69,0,NA,NA
3082,"RIVER MUSI RESERVOIR AT KASANIGUDA,  NALGONDA, A.P.",ANDHRA PRADESH,28.6,5.4,8.2,1062,2.1,2.6,21,67
1178,"PALLERU BEFORE CONFL. WITH KRISHNA, JAGGAYYAPET, A.P.",ANDHRA PRADESH,25.5,6.9,8,838,0.9,0.6,2,1450
1177,"MUNERU BEFORE CONFL. WITH KRISHNA, NANDIGAMA, A.P.",ANDHRA PRADESH,24,6.6,8.3,905,0.7,0.5,2,1400
1895,KAGINA D/S OF SEWAGE DISPOSAL POINT,KARNATAKA,29.1,6.9,8.3,596,2.6,0.3,842,1425
2777,"KAGINA AT SHAHABAD BRIDGE, KARNATAKA",KARNATAKA,29,6.8,8.4,575,2.6,0.4,696,1483
2349,"RIVER NAKKAVAGU, BACHUGUDEM,MEDAK",ANDHRA PRADESH,28.3,4.8,7.9,1868,5.6,10.3,21,181
2351,"RIVER KUNDU, NANDYAL, NEAR OVER BDG., KURNOOL",ANDHRA PRADESH,27,6.8,7.8,648,3.6,5,14,554
2763,"ASANGI NALLA AT ASANGI VILLAGE, KARNATAKA",KARNATAKA,27.3,7,8.1,734,1.3,0.9,820,1460
1549,"SALAULIM LAKE AT SALAULIM - SANGUEM, GOA",GOA,31.6,7.3,7.2,46,1.2,1.23,108,413
2269,"MAYEM LAKE, BICHOLIM",GOA,30.8,7.1,6.7,48,1.4,0.26,7453,12640
3175,ANJUNEM LAKE,GOA,30.2,7.4,6.9,80,0.8,0,160,329
3176,RUMDER LAKE,GOA,29.7,4.1,6.7,141,2,1,4428,7894
3177,CARAMBOLIM LAKE,GOA,29.1,2.7,6.4,137,2.2,0.77,3207,4719
3178,RAIA LAKE,GOA,31.6,5.9,6.6,110,2.7,1,1666,12638
3179,SAIPEM LAKE,GOA,30.3,1.3,6.6,350,2.9,0,18857,32714
3180,CURTORIM LAKE,GOA,31.6,4.9,6.5,148,2.8,1.05,2864,4218
1977,CITY LAKE OF NADIAD,GUJARAT,26.7,7.15,7.8,1371,14,0,NA,NA
1343,AHMEDABAD,GUJARAT,27.6,6.5,8.6,649,21.8,4,5064,2487
1344,AHMEDABAD,GUJARAT,29.5,7.03,8.1,320,29.5,3.23,783,12400
1345,"AJWAH LAKE AT SARI SAYAJI SABVAR, BARODA",GUJARAT,28,7.8,8,2225,5.5,2,2568,2448
1346,"SURSAGAR LAKE AT BARODA, GUJARAT",GUJARAT,29.3,6.4,8,23125,4.8,2,4500,178
1972,"NALSAROVAR LAKE (SANAND), DIST AHMEDABAD",GUJARAT,27.8,7.2,7.7,1448,16.3,6,NA,664
1973,"BINDUSAROVAR, SIDDHPUR (DIST PATAN)",GUJARAT,25,7.3,8.5,169,1,1,NA,NA
1974,SAHASTRALING SAROVAR - PATAN,GUJARAT,26,7.1,8.5,2440,1,1,NA,NA
3199,HAMISAR TALAV,GUJARAT,28,5.5,8.4,NA,1,0,NA,NA
1975,LAKHOTA TALAV,GUJARAT,28.3,6.8,8,1870,13,1,4,29
1976,NARSINHMEHTA TALAV,GUJARAT,28.5,7.1,7.5,2100,21,1,4,95
1978,RANJITNAGAR TALAV,GUJARAT,29,5.7,7.6,2980,11,6.78,NA,NA
3206,MAHI AT SHERKHI BRIDGE,GUJARAT,NA,4.2,8.7,NA,0.3,0,NA,NA
3201,MALAV TALAV,GUJARAT,27,3.2,8.4,NA,1,0,NA,NA
3202,VHERAIMATA TALAV,GUJARAT,26,3.4,8.4,NA,1,0,NA,NA
2079,DHUDHIA TALAV,GUJARAT,25.3,4.7,7.8,NA,21,0,NA,250
2077,"MOTICHER LAKE NEAR KAKAARPAR ATOMIC POWER STATION, DIST SURAT",GUJARAT,28.4,3.5,8.1,NA,9.5,0,NA,313
2078,"KUWADAVA LAKE,VILL KUWADAVA,DIST.RAJKOT",GUJARAT,26,5,7.6,NA,8,0,NA,200
3198,"GOMTI LAKE,OPP,RANCHODAJI TEMPLE,DAKOR,KHEDA",GUJARAT,28,4.4,8,NA,1.7,0,NA,NA
1979,"OLPAD, VILLAGE POND OLPAD, SURAT",GUJARAT,29,5.9,7.8,1453,7.3,6.45,30,7
1971,THOL TANK (KALOL) (DIST MEHSANA),GUJARAT,27.8,2.4,8,351,6.6,6.22,24,959
1373,"UPPER LAKE AT BHOPAL (INTAKE POINT), M.P.",MADHYA PRADESH,26,8.3,8.3,270,2.1,3,4,87
1374,LOWER LAKE AT BHOPAL OUTLET M.P.,MADHYA PRADESH,25.7,9.1,8,461,5.5,1.06,7,363
1466,MULTAI TANK LAKE AT VILLA. KHARI ON BETUL-AMRAVATI ROAD M.P.,MADHYA PRADESH,25,5.8,7.7,872,1.9,12,7,170
2128,KHANDARI RESERVOIR WATER OFF TAKE POINT,MADHYA PRADESH,22,7.6,7.5,408,2,1.92,7,55
2129,PERIAT TANK JABALPUR,MADHYA PRADESH,22,6.8,7.5,428,2.1,2,13,82
2135,GOVINDGARH TANK,MADHYA PRADESH,29.2,7.5,7.4,59,3.1,5,26,364
2136,"SHAHPURA LAKE AT WEIR NEAR AYUSHMAN HOSPITAL, BHOPAL",MADHYA PRADESH,27,7.6,7.9,680,6.4,17,8,382
2137,UPPER LAKE AT YATCH CLUB,MADHYA PRADESH,26.1,8.2,8.3,263,2.3,3,4,97
2138,UPPER LAKE AT KARBALA CLUB,MADHYA PRADESH,26.8,8.2,8.2,277,2.2,2,4,88
2139,UPPER LAKE AT BAIRAGARH CLUB,MADHYA PRADESH,25.4,7.1,8.1,273,2.2,4,4,94
2140,"KERWA DAM NEAR REST HOUSE, BPL",MADHYA PRADESH,26.7,7.3,7.9,301,1.8,6.66,3,93
2141,JANUNIA TALAB NEAR W/S,MADHYA PRADESH,22.5,4.4,7.7,464,4.4,12,5,260
3299,HANUMANTAL JABALPUR,MADHYA PRADESH,22.3,7.3,7.9,502,7.6,2,12,121
3300,"RANITAL TALAB, JABALPUR",MADHYA PRADESH,22.5,7.4,7.7,495,5,3,5,200
3301,MOTI TALAB AT BALAGHAT,MADHYA PRADESH,22.1,6.9,7.5,448,4.3,2,8,49
3303,"RANI TALAB, REWA",MADHYA PRADESH,28,6.9,7.4,NA,2.3,6,NA,212
3164,"NEHRU NAGAR TALAB, BHILAI",CHHATTISGARH,28.2,6.9,7.3,NA,18.6,1,NA,399
3163,"HITKASA TAILING  DAM, RAJHARA",CHHATTISGARH,26.5,6.3,7.2,NA,10.3,1,NA,652
1285,"PICHOLA LAKE AT UDAIPUR (WATER INTAKE POINT), RAJASTHAN",RAJASTHAN,23.8,5.3,8.2,572,1.5,1,7,65
1286,UDAISAGAR LAKE AT UDAIPUR (INTAKE PT.) RAJASTHAN,RAJASTHAN,23.9,4.6,8.4,1463,3.2,1,16,557
1414,"PUSHKAR LAKE, RAJASTHAN",RAJASTHAN,19.9,4.7,8.2,321,1.5,1,12,242
1481,"FATEH SAGAR LAKE AT UDAIPUR INTAKE POINT OF PHED,RAJASTHAN",RAJASTHAN,24.3,5,8.4,583,1.2,1,4,12
1714,"KAYALANA JHEEL JODHPUR, RAJASTHAN",RAJASTHAN,23.2,8.4,8.3,300,1,2,5,21
1716,"NAKKI LAKE, MT. ABU, RAJASTHAN",RAJASTHAN,21.7,5.7,8,295,1.1,1,5,9
2935,"LAKE JET SAGAR, BUNDI, RAJASTHAN",RAJASTHAN,26.1,4.5,7.9,483,1.5,1,5,15
2936,"JAISAMAND LAKE, ALWAR, RAJASTHAN",RAJASTHAN,24.4,5,8,314,1.9,2,4,7
2937,"LAKE SILISERH, ALWAR, RAJASTHAN",RAJASTHAN,30.3,5.1,7.9,266,0.9,1.08,4,7
2938,"LAKE RAJSAMAND, RAJSAMAND- POINT NO. 1, RAJSAMAND, RAJASTHAN",RAJASTHAN,21.3,5,8.6,604,1.2,2.29,4,11
2939,"LAKE RAJSAMAND, RAJSAMAND- POINT NO. 2, RAJSAMAND, RAJASTHAN",RAJASTHAN,21.2,4.9,8.6,593,1.1,1,4,7
2940,"GAPE- SAGAR LAKE, DUNGARPUR, RAJASTHAN",RAJASTHAN,23.2,4.4,8.1,538,1.2,1,5,14
2941,"LAKE JAISAMAND, SALUMBER, UDAIPUR, POINT NO. 1, RAJASTHAN",RAJASTHAN,22.9,5.6,8.4,591,1.1,3,4,8
2942,"LAKE JAISAMAND, SALUMBER, UDAIPUR, POINT NO. 2, RAJASTHAN",RAJASTHAN,22.9,5.8,8.5,588,1.2,3,4,6
2943,"LODHA TALAB, BANSWARA- DUNGARPUR ROAD, BANSWARA, RAJASTHAN",RAJASTHAN,28.7,4.1,7.9,1133,2.3,2,7,67
2944,"JALMAHAL, JAIPUR, RAJASTHAN",RAJASTHAN,24.3,3.5,8.9,2004,6.5,1,13,248
